<?xml version="1.0" encoding="UTF-8"?>
<pizzas>
	<pizza>
		<name>Veggie-Pizza</name>
		<base>tiny</base>
		<topping>
			<ingredient>
				<name>spinach</name>
				<category>vegetal</category>
				<unit>grams</unit>
				<calories>23</calories>
			</ingredient>
			<ingredient>
				<name>cheese</name>
				<category>dairy</category>
				<unit>grams</unit>
				<calories>300</calories>
			</ingredient>
			<ingredient>
				<name>tomato sauce</name>
				<category>sauce</category>
				<unit>milliliters</unit>
				<calories>18</calories>
			</ingredient>
		</topping>
		<price>
			<small>6.00</small>
			<medium>8.00</medium>
			<big>12.00</big>
		</price>
	</pizza>
	<pizza>
		<name>Mozzarella-Pizza</name>
		<base>crispy</base>
		<topping>
			<ingredient>
				<name>cheese</name>
				<category>dairy</category>
				<unit>grams</unit>
				<calories>300</calories>
			</ingredient>
			<ingredient>
				<name>oregano</name>
				<category>herb</category>
				<unit>grams</unit>
				<calories>265</calories>
			</ingredient>
			<ingredient>
				<name>onion sauce</name>
				<category>sauce</category>
				<unit>milliliters</unit>
				<calories>92</calories>
			</ingredient>
		</topping>
		<price>
			<small>7.00</small>
			<medium>8.50</medium>
			<big>13.00</big>
		</price>
	</pizza>
	<pizza>
		<name>Meat-Pizza</name>
		<base>lean</base>
		<topping>
			<ingredient>
				<name>chicken</name>
				<category>meat</category>
				<unit>grams</unit>
				<calories>239</calories>
			</ingredient>
			<ingredient>
				<name>oregano</name>
				<category>herb</category>
				<unit>grams</unit>
				<calories>265</calories>
			</ingredient>
			<ingredient>
				<name>tomato sauce</name>
				<category>sauce</category>
				<unit>milliliters</unit>
				<calories>18</calories>
			</ingredient>
		</topping>
		<price>
			<small>6.00</small>
			<medium>9.00</medium>
			<big>12.50</big>
		</price>
	</pizza>
	<pizza>
		<name>ESTG-Pizza</name>
		<base>Tiny</base>
		<topping>
			<ingredient>
				<name>spinach</name>
				<category>vegetal</category>
				<unit>grams</unit>
				<calories>23</calories>
			</ingredient>
			<ingredient>
				<name>cheese</name>
				<category>dairy</category>
				<unit>grams</unit>
				<calories>300</calories>
			</ingredient>
			<ingredient>
				<name>tomato</name> 
				<category>sauce</category>
				<unit>milliliters</unit>
				<calories>18</calories>
			</ingredient>
			<ingredient>
				<name>chicken</name>
				<category>meat</category>
				<unit>grams</unit>
				<calories>239</calories>
			</ingredient>
		</topping>
		<price>
			<small>6.00</small>
			<medium>8.50</medium>
			<big>15.00</big>
		</price>
	</pizza>
</pizzas>